日期  ,时间  ,纬度  ,经度  ,速率 , 卫星 ,海拔  
17年 05月 10日, 9时32分 38秒, 4047.533,111.41.856, 012.2,05,1108m
  17年 05月 10日, 9时32分 39秒, 4047.532,111.41.852, 011.3,05,1106m
  17年 05月 10日, 9时32分 39秒, 4047.532,111.41.852, 011.3,05,1106m
  17年 05月 10日, 9时32分 41秒, 4047.557,111.41.837, 012.3,06,1181m
  17年 05月 10日, 9时32分 42秒, 4047.563,111.41.830, 012.2,06,1199m
  17年 05月 10日, 9时32分 43秒, 4047.561,111.41.826, 014.2,06,1195m
  17年 05月 10日, 9时32分 44秒, 4047.560,111.41.821, 014.5,06,1194m
  17年 05月 10日, 9时32分 45秒, 4047.559,111.41.815, 014.7,06,1192m
  17年 05月 10日, 9时32分 46秒, 4047.560,111.41.810, 014.6,06,1194m
  17年 05月 10日, 9时32分 47秒, 4047.558,111.41.806, 013.9,06,1195m
  17年 05月 10日, 9时32分 48秒, 4047.558,111.41.800, 014.7,06,1196m
  17年 05月 10日, 9时32分 49秒, 4047.555,111.41.796, 014.9,07,1184m
  17年 05月 10日, 9时32分 50秒, 4047.551,111.41.791, 014.5,07,1174m
  17年 05月 10日, 9时32分 51秒, 4047.549,111.41.787, 012.9,07,1167m
  17年 05月 10日, 9时32分 52秒, 4047.547,111.41.783, 011.1,08,1162m
  17年 05月 10日, 9时32分 53秒, 4047.548,111.41.779, 010.7,08,1159m
  17年 05月 10日, 9时32分 54秒, 4047.547,111.41.776, 009.6,08,1151m
  17年 05月 10日, 9时32分 55秒, 4047.547,111.41.771, 009.3,08,1147m
  17年 05月 10日, 9时32分 56秒, 4047.549,111.41.769, 011.0,08,1147m
  17年 05月 10日, 9时32分 57秒, 4047.552,111.41.767, 013.1,08,1147m
  17年 05月 10日, 9时32分 58秒, 4047.556,111.41.766, 016.3,08,1146m
  17年 05月 10日, 9时32分 59秒, 4047.560,111.41.764, 018.5,08,1145m
  17年 05月 10日, 9时33分 00秒, 4047.565,111.41.762, 020.1,08,1144m
  17年 05月 10日, 9时33分 01秒, 4047.571,111.41.759, 022.2,08,1144m
  17年 05月 10日, 9时33分 02秒, 4047.577,111.41.757, 022.7,08,1143m
  17年 05月 10日, 9时33分 03秒, 4047.583,111.41.754, 023.3,08,1142m
  17年 05月 10日, 9时33分 04秒, 4047.589,111.41.751, 022.5,08,1142m
  17年 05月 10日, 9时33分 05秒, 4047.595,111.41.748, 022.2,08,1142m
  17年 05月 10日, 9时33分 06秒, 4047.601,111.41.746, 021.9,08,1142m
  17年 05月 10日, 9时33分 07秒, 4047.607,111.41.743, 021.4,08,1142m
  17年 05月 10日, 9时33分 08秒, 4047.613,111.41.741, 020.6,08,1141m
  17年 05月 10日, 9时33分 09秒, 4047.618,111.41.738, 018.8,08,1142m
  17年 05月 10日, 9时33分 10秒, 4047.623,111.41.737, 016.5,08,1141m
  17年 05月 10日, 9时33分 11秒, 4047.627,111.41.735, 014.8,09,1140m
  17年 05月 10日, 9时33分 12秒, 4047.631,111.41.734, 013.2,09,1140m
  17年 05月 10日, 9时33分 13秒, 4047.634,111.41.733, 011.6,09,1139m
  17年 05月 10日, 9时33分 14秒, 4047.637,111.41.732, 009.7,09,1139m
  17年 05月 10日, 9时33分 15秒, 4047.639,111.41.731, 008.0,10,1139m
  17年 05月 10日, 9时33分 16秒, 4047.641,111.41.730, 007.1,08,1140m
  17年 05月 10日, 9时33分 17秒, 4047.643,111.41.730, 007.0,08,1139m
  17年 05月 10日, 9时33分 18秒, 4047.645,111.41.729, 006.7,08,1139m
  17年 05月 10日, 9时33分 19秒, 4047.646,111.41.728, 005.6,08,1138m
  17年 05月 10日, 9时33分 20秒, 4047.647,111.41.728, 003.9,08,1137m
  17年 05月 10日, 9时33分 21秒, 4047.648,111.41.727, 002.4,08,1137m
  17年 05月 10日, 9时33分 22秒, 4047.648,111.41.727, 001.4,08,1136m
  17年 05月 10日, 9时33分 23秒, 4047.648,111.41.727, 000.9,09,1135m
  17年 05月 10日, 9时33分 24秒, 4047.648,111.41.727, 000.9,09,1135m
  17年 05月 10日, 9时33分 25秒, 4047.617,111.41.721, 001.1,10,1132m
  17年 05月 10日, 9时33分 26秒, 4047.617,111.41.720, 001.1,09,1128m
  17年 05月 10日, 9时33分 27秒, 4047.617,111.41.721, 001.0,09,1122m
  17年 05月 10日, 9时33分 28秒, 4047.618,111.41.722, 001.3,09,1119m
  17年 05月 10日, 9时33分 29秒, 4047.618,111.41.722, 001.5,09,1115m
  17年 05月 10日, 9时33分 30秒, 4047.618,111.41.723, 000.0,09,1113m
  17年 05月 10日, 9时33分 31秒, 4047.617,111.41.726, 000.0,10,1101m
  17年 05月 10日, 9时33分 32秒, 4047.616,111.41.728, 000.0,10,1092m
  17年 05月 10日, 9时33分 33秒, 4047.617,111.41.734, 000.0,10,1071m
  17年 05月 10日, 9时33分 34秒, 4047.617,111.41.736, 000.0,10,1063m
  17年 05月 10日, 9时33分 35秒, 4047.617,111.41.736, 000.1,10,1062m
  17年 05月 10日, 9时33分 36秒, 4047.618,111.41.736, 000.2,10,1061m
  17年 05月 10日, 9时33分 37秒, 4047.618,111.41.736, 000.3,10,1060m
  17年 05月 10日, 9时33分 38秒, 4047.619,111.41.735, 000.3,10,1060m
  17年 05月 10日, 9时33分 39秒, 4047.620,111.41.735, 000.1,10,1059m
  17年 05月 10日, 9时33分 40秒, 4047.620,111.41.735, 000.0,09,1058m
  17年 05月 10日, 9时33分 41秒, 4047.621,111.41.735, 000.0,09,1058m
  17年 05月 10日, 9时33分 42秒, 4047.621,111.41.735, 000.0,09,1058m
  17年 05月 10日, 9时33分 43秒, 4047.621,111.41.735, 000.0,09,1058m
  17年 05月 10日, 9时33分 44秒, 4047.621,111.41.735, 000.0,09,1058m
  17年 05月 10日, 9时33分 45秒, 4047.621,111.41.735, 000.0,09,1058m
  17年 05月 10日, 9时33分 46秒, 4047.621,111.41.735, 000.0,09,1058m
  17年 05月 10日, 9时33分 47秒, 4047.621,111.41.735, 000.0,09,1058m
  17年 05月 10日, 9时33分 48秒, 4047.621,111.41.735, 000.0,09,1058m
  17年 05月 10日, 9时33分 49秒, 4047.621,111.41.735, 000.0,09,1058m
  17年 05月 10日, 9时33分 50秒, 4047.621,111.41.735, 000.0,09,1058m
  17年 05月 10日, 9时33分 51秒, 4047.621,111.41.735, 000.0,09,1058m
  17年 05月 10日, 9时33分 52秒, 4047.621,111.41.735, 000.0,09,1058m
  17年 05月 10日, 9时33分 53秒, 4047.621,111.41.735, 000.0,09,1058m
  17年 05月 10日, 9时33分 54秒, 4047.621,111.41.735, 000.0,09,1058m
  17年 05月 10日, 9时33分 55秒, 4047.621,111.41.735, 000.0,09,1058m
  17年 05月 10日, 9时33分 56秒, 4047.621,111.41.735, 000.0,09,1058m
  17年 05月 10日, 9时33分 57秒, 4047.621,111.41.735, 000.0,10,1058m
  17年 05月 10日, 9时33分 58秒, 4047.621,111.41.735, 000.0,10,1058m
  17年 05月 10日, 9时33分 59秒, 4047.621,111.41.735, 000.0,10,1058m
  17年 05月 10日, 9时34分 00秒, 4047.621,111.41.735, 000.0,10,1058m
  17年 05月 10日, 9时34分 01秒, 4047.621,111.41.735, 000.0,09,1058m
  17年 05月 10日, 9时34分 02秒, 4047.621,111.41.735, 000.0,09,1058m
  17年 05月 10日, 9时34分 03秒, 4047.621,111.41.735, 000.0,09,1058m
  17年 05月 10日, 9时34分 04秒, 4047.621,111.41.735, 000.0,09,1058m
  17年 05月 10日, 9时34分 05秒, 4047.621,111.41.735, 000.0,09,1058m
  17年 05月 10日, 9时34分 06秒, 4047.621,111.41.735, 000.0,09,1058m
  17年 05月 10日, 9时34分 07秒, 4047.621,111.41.735, 000.0,09,1058m
  17年 05月 10日, 9时34分 08秒, 4047.621,111.41.735, 000.0,09,1058m
  17年 05月 10日, 9时34分 09秒, 4047.622,111.41.734, 000.6,09,1058m
  17年 05月 10日, 9时34分 10秒, 4047.622,111.41.734, 000.8,09,1058m
  17年 05月 10日, 9时34分 11秒, 4047.623,111.41.734, 001.0,10,1058m
  17年 05月 10日, 9时34分 12秒, 4047.623,111.41.734, 001.3,10,1058m
  17年 05月 10日, 9时34分 13秒, 4047.623,111.41.734, 001.7,10,1058m
  17年 05月 10日, 9时34分 14秒, 4047.624,111.41.734, 002.3,10,1058m
  17年 05月 10日, 9时34分 15秒, 4047.624,111.41.733, 003.1,10,1058m
  17年 05月 10日, 9时34分 16秒, 4047.626,111.41.733, 001.5,10,1058m
  17年 05月 10日, 9时34分 17秒, 4047.626,111.41.733, 000.0,10,1058m
  17年 05月 10日, 9时34分 18秒, 4047.627,111.41.733, 000.0,10,1058m
  17年 05月 10日, 9时34分 19秒, 4047.627,111.41.733, 000.0,10,1058m
  17年 05月 10日, 9时34分 20秒, 4047.627,111.41.733, 000.0,09,1058m
  17年 05月 10日, 9时34分 21秒, 4047.627,111.41.733, 000.0,09,1058m
  17年 05月 10日, 9时34分 22秒, 4047.627,111.41.733, 000.0,09,1058m
  17年 05月 10日, 9时34分 23秒, 4047.627,111.41.733, 000.0,08,1058m
  17年 05月 10日, 9时34分 24秒, 4047.627,111.41.733, 000.0,10,1058m
  17年 05月 10日, 9时34分 25秒, 4047.627,111.41.733, 000.0,09,1058m
  17年 05月 10日, 9时34分 26秒, 4047.627,111.41.733, 000.0,09,1058m
  17年 05月 10日, 9时34分 27秒, 4047.627,111.41.733, 000.0,09,1058m
  17年 05月 10日, 9时34分 28秒, 4047.627,111.41.733, 000.0,10,1058m
  17年 05月 10日, 9时34分 29秒, 4047.627,111.41.733, 000.0,10,1058m
  17年 05月 10日, 9时34分 30秒, 4047.627,111.41.733, 000.0,10,1058m
  17年 05月 10日, 9时34分 31秒, 4047.627,111.41.733, 000.0,10,1058m
  17年 05月 10日, 9时34分 32秒, 4047.627,111.41.733, 000.0,10,1058m
  17年 05月 10日, 9时34分 33秒, 4047.627,111.41.733, 000.0,10,1058m
  17年 05月 10日, 9时34分 34秒, 4047.627,111.41.733, 000.0,10,1058m
  17年 05月 10日, 9时34分 35秒, 4047.627,111.41.733, 000.0,10,1058m
  17年 05月 10日, 9时34分 36秒, 4047.627,111.41.733, 000.0,10,1058m
  17年 05月 10日, 9时34分 37秒, 4047.627,111.41.733, 000.4,10,1058m
  17年 05月 10日, 9时34分 38秒, 4047.627,111.41.733, 000.4,10,1058m
  17年 05月 10日, 9时34分 39秒, 4047.627,111.41.733, 000.4,10,1058m
  17年 05月 10日, 9时34分 40秒, 4047.627,111.41.733, 000.6,10,1058m
  17年 05月 10日, 9时34分 41秒, 4047.627,111.41.733, 000.6,10,1057m
  17年 05月 10日, 9时34分 42秒, 4047.627,111.41.733, 000.9,10,1057m
  17年 05月 10日, 9时34分 43秒, 4047.627,111.41.733, 000.9,10,1057m
  17年 05月 10日, 9时34分 44秒, 4047.628,111.41.732, 001.1,10,1058m
  17年 05月 10日, 9时34分 45秒, 4047.628,111.41.732, 001.5,10,1057m
  17年 05月 10日, 9时34分 46秒, 4047.628,111.41.732, 001.9,10,1057m
  17年 05月 10日, 9时34分 47秒, 4047.629,111.41.731, 002.5,09,1057m
  17年 05月 10日, 9时34分 48秒, 4047.630,111.41.731, 004.1,09,1057m
  17年 05月 10日, 9时34分 49秒, 4047.631,111.41.729, 005.1,09,1057m
  17年 05月 10日, 9时34分 50秒, 4047.633,111.41.729, 007.0,09,1057m
  17年 05月 10日, 9时34分 51秒, 4047.635,111.41.727, 007.4,09,1058m
  17年 05月 10日, 9时34分 52秒, 4047.637,111.41.726, 008.8,09,1058m
  17年 05月 10日, 9时34分 53秒, 4047.640,111.41.724, 009.7,09,1058m
  17年 05月 10日, 9时34分 54秒, 4047.642,111.41.722, 009.1,09,1058m
  17年 05月 10日, 9时34分 55秒, 4047.645,111.41.721, 008.4,09,1058m
  17年 05月 10日, 9时34分 56秒, 4047.647,111.41.720, 009.3,09,1058m
  17年 05月 10日, 9时34分 57秒, 4047.649,111.41.719, 008.8,09,1058m
  17年 05月 10日, 9时34分 58秒, 4047.651,111.41.718, 008.5,09,1058m
  17年 05月 10日, 9时34分 59秒, 4047.654,111.41.717, 010.0,10,1058m
  17年 05月 10日, 9时35分 00秒, 4047.657,111.41.716, 011.9,10,1058m
  17年 05月 10日, 9时35分 01秒, 4047.660,111.41.715, 012.3,10,1057m
  17年 05月 10日, 9时35分 02秒, 4047.664,111.41.714, 012.0,10,1057m
  17年 05月 10日, 9时35分 03秒, 4047.667,111.41.713, 012.9,10,1057m
  17年 05月 10日, 9时35分 04秒, 4047.670,111.41.711, 012.3,09,1058m
  17年 05月 10日, 9时35分 05秒, 4047.674,111.41.709, 012.4,10,1057m
  17年 05月 10日, 9时35分 06秒, 4047.677,111.41.708, 012.1,09,1057m
  17年 05月 10日, 9时35分 07秒, 4047.680,111.41.707, 011.8,09,1057m
  17年 05月 10日, 9时35分 08秒, 4047.683,111.41.705, 011.3,09,1057m
  17年 05月 10日, 9时35分 09秒, 4047.686,111.41.704, 009.5,09,1057m
  17年 05月 10日, 9时35分 10秒, 4047.688,111.41.704, 008.9,09,1058m
  17年 05月 10日, 9时35分 11秒, 4047.690,111.41.703, 009.0,09,1058m
  17年 05月 10日, 9时35分 12秒, 4047.693,111.41.702, 009.4,09,1057m
  17年 05月 10日, 9时35分 13秒, 4047.695,111.41.701, 008.3,09,1057m
  17年 05月 10日, 9时35分 14秒, 4047.697,111.41.701, 006.0,09,1057m
  17年 05月 10日, 9时35分 15秒, 4047.699,111.41.700, 005.3,09,1057m
  17年 05月 10日, 9时35分 16秒, 4047.700,111.41.700, 004.9,09,1056m
  17年 05月 10日, 9时35分 17秒, 4047.701,111.41.699, 002.4,09,1056m
  17年 05月 10日, 9时35分 18秒, 4047.702,111.41.700, 002.0,09,1056m
  17年 05月 10日, 9时35分 19秒, 4047.702,111.41.700, 002.3,09,1057m
  17年 05月 10日, 9时35分 20秒, 4047.703,111.41.701, 003.1,09,1057m
  17年 05月 10日, 9时35分 21秒, 4047.704,111.41.700, 005.7,08,1057m
  17年 05月 10日, 9时35分 22秒, 4047.706,111.41.700, 009.4,08,1057m
  17年 05月 10日, 9时35分 23秒, 4047.710,111.41.699, 013.1,08,1057m
  17年 05月 10日, 9时35分 24秒, 4047.713,111.41.698, 013.1,08,1057m
  17年 05月 10日, 9时35分 25秒, 4047.716,111.41.697, 009.2,08,1057m
  17年 05月 10日, 9时35分 26秒, 4047.718,111.41.696, 004.5,08,1057m
  17年 05月 10日, 9时35分 27秒, 4047.719,111.41.696, 000.0,08,1057m
  17年 05月 10日, 9时35分 28秒, 4047.719,111.41.696, 000.0,08,1057m
  17年 05月 10日, 9时35分 29秒, 4047.719,111.41.695, 000.0,08,1057m
  17年 05月 10日, 9时35分 30秒, 4047.719,111.41.695, 000.0,07,1057m
  17年 05月 10日, 9时35分 31秒, 4047.719,111.41.695, 000.0,08,1057m
  17年 05月 10日, 9时35分 32秒, 4047.719,111.41.695, 000.0,08,1057m
  17年 05月 10日, 9时35分 33秒, 4047.719,111.41.695, 000.0,08,1057m
  17年 05月 10日, 9时35分 34秒, 4047.719,111.41.695, 000.0,08,1057m
  17年 05月 10日, 9时35分 35秒, 4047.719,111.41.695, 000.0,07,1057m
  17年 05月 10日, 9时35分 36秒, 4047.719,111.41.695, 000.0,07,1057m
  17年 05月 10日, 9时35分 37秒, 4047.719,111.41.695, 000.0,07,1057m
  17年 05月 10日, 9时35分 38秒, 4047.719,111.41.695, 000.0,07,1057m
  17年 05月 10日, 9时35分 39秒, 4047.719,111.41.695, 000.0,07,1057m
  17年 05月 10日, 9时35分 40秒, 4047.719,111.41.695, 000.0,07,1057m
  17年 05月 10日, 9时35分 41秒, 4047.719,111.41.695, 000.0,07,1057m
  17年 05月 10日, 9时35分 42秒, 4047.719,111.41.695, 000.0,07,1057m
  17年 05月 10日, 9时35分 43秒, 4047.719,111.41.695, 000.0,07,1057m
  17年 05月 10日, 9时35分 44秒, 4047.719,111.41.695, 000.0,07,1057m
  17年 05月 10日, 9时35分 45秒, 4047.719,111.41.695, 000.0,07,1057m
  17年 05月 10日, 9时35分 46秒, 4047.719,111.41.695, 000.0,07,1057m
  17年 05月 10日, 9时35分 47秒, 4047.719,111.41.695, 000.0,07,1057m
  17年 05月 10日, 9时35分 48秒, 4047.719,111.41.695, 000.0,07,1057m
  17年 05月 10日, 9时35分 49秒, 4047.719,111.41.695, 000.0,07,1057m
  17年 05月 10日, 9时35分 50秒, 4047.719,111.41.695, 000.0,07,1057m
  17年 05月 10日, 9时35分 51秒, 4047.719,111.41.695, 000.0,07,1057m
  17年 05月 10日, 9时35分 52秒, 4047.719,111.41.695, 000.0,07,1057m
  17年 05月 10日, 9时35分 53秒, 4047.719,111.41.695, 000.0,07,1057m
  17年 05月 10日, 9时35分 54秒, 4047.719,111.41.695, 000.0,08,1057m
  17年 05月 10日, 9时35分 55秒, 4047.719,111.41.695, 000.0,08,1057m
  17年 05月 10日, 9时35分 56秒, 4047.719,111.41.695, 000.0,08,1057m
  17年 05月 10日, 9时35分 57秒, 4047.719,111.41.695, 000.0,08,1057m
  17年 05月 10日, 9时35分 58秒, 4047.719,111.41.695, 000.0,08,1057m
  17年 05月 10日, 9时35分 59秒, 4047.719,111.41.695, 000.0,08,1057m
  17年 05月 10日, 9时36分 00秒, 4047.719,111.41.695, 000.0,09,1057m
  17年 05月 10日, 9时36分 01秒, 4047.719,111.41.695, 000.0,09,1057m
  17年 05月 10日, 9时36分 02秒, 4047.719,111.41.695, 000.0,09,1057m
  17年 05月 10日, 9时36分 03秒, 4047.719,111.41.695, 000.0,08,1057m
  17年 05月 10日, 9时36分 04秒, 4047.719,111.41.695, 000.0,08,1057m
  17年 05月 10日, 9时36分 05秒, 4047.719,111.41.695, 000.0,08,1057m
  17年 05月 10日, 9时36分 06秒, 4047.719,111.41.695, 000.0,08,1057m
  17年 05月 10日, 9时36分 07秒, 4047.719,111.41.695, 000.0,08,1057m
  17年 05月 10日, 9时36分 08秒, 4047.719,111.41.695, 000.0,08,1057m
  17年 05月 10日, 9时36分 09秒, 4047.719,111.41.695, 000.0,08,1057m
  17年 05月 10日, 9时36分 10秒, 4047.719,111.41.695, 000.0,08,1057m
  17年 05月 10日, 9时36分 11秒, 4047.719,111.41.695, 000.0,08,1057m
  17年 05月 10日, 9时36分 12秒, 4047.719,111.41.695, 000.0,08,1057m
  17年 05月 10日, 9时36分 13秒, 4047.719,111.41.695, 000.0,08,1057m
  17年 05月 10日, 9时36分 14秒, 4047.719,111.41.695, 000.0,08,1057m
  17年 05月 10日, 9时36分 15秒, 4047.719,111.41.695, 000.0,08,1057m
  17年 05月 10日, 9时36分 16秒, 4047.719,111.41.695, 000.0,08,1057m
  17年 05月 10日, 9时36分 17秒, 4047.719,111.41.695, 000.0,08,1057m
  17年 05月 10日, 9时36分 18秒, 4047.719,111.41.695, 000.0,08,1057m
  17年 05月 10日, 9时36分 19秒, 4047.719,111.41.695, 000.0,08,1057m
  17年 05月 10日, 9时36分 20秒, 4047.719,111.41.695, 000.0,08,1057m
  17年 05月 10日, 9时36分 21秒, 4047.719,111.41.695, 000.0,08,1057m
  17年 05月 10日, 9时36分 22秒, 4047.719,111.41.695, 000.0,08,1057m
  17年 05月 10日, 9时36分 23秒, 4047.719,111.41.695, 000.0,08,1057m
  17年 05月 10日, 9时36分 24秒, 4047.719,111.41.695, 000.0,09,1057m
  17年 05月 10日, 9时36分 25秒, 4047.719,111.41.695, 000.0,08,1057m
  17年 05月 10日, 9时36分 26秒, 4047.719,111.41.695, 000.0,09,1057m
  17年 05月 10日, 9时36分 27秒, 4047.719,111.41.695, 000.0,09,1057m
  17年 05月 10日, 9时36分 28秒, 4047.719,111.41.695, 000.0,09,1057m
  17年 05月 10日, 9时36分 29秒, 4047.719,111.41.695, 000.0,09,1057m
  17年 05月 10日, 9时36分 30秒, 4047.719,111.41.695, 000.0,10,1057m
  17年 05月 10日, 9时36分 31秒, 4047.719,111.41.695, 000.0,09,1057m
  17年 05月 10日, 9时36分 32秒, 4047.719,111.41.695, 000.0,09,1057m
  17年 05月 10日, 9时36分 33秒, 4047.719,111.41.695, 000.0,09,1057m
  17年 05月 10日, 9时36分 34秒, 4047.719,111.41.695, 000.0,09,1057m
  17年 05月 10日, 9时36分 35秒, 4047.719,111.41.695, 000.0,09,1057m
  17年 05月 10日, 9时36分 36秒, 4047.719,111.41.695, 000.0,09,1057m
  17年 05月 10日, 9时36分 37秒, 4047.719,111.41.695, 000.0,09,1057m
  17年 05月 10日, 9时36分 38秒, 4047.719,111.41.695, 000.0,09,1057m
  17年 05月 10日, 9时36分 39秒, 4047.719,111.41.695, 000.0,09,1057m
  17年 05月 10日, 9时36分 40秒, 4047.719,111.41.695, 000.0,09,1057m
  17年 05月 10日, 9时36分 41秒, 4047.719,111.41.695, 000.0,09,1057m
  17年 05月 10日, 9时36分 42秒, 4047.719,111.41.695, 000.0,09,1057m
  17年 05月 10日, 9时36分 43秒, 4047.719,111.41.695, 000.0,09,1057m
  17年 05月 10日, 9时36分 44秒, 4047.719,111.41.695, 000.0,09,1057m
  17年 05月 10日, 9时36分 45秒, 4047.719,111.41.695, 000.0,09,1057m
  17年 05月 10日, 9时36分 46秒, 4047.719,111.41.695, 000.0,09,1057m
  17年 05月 10日, 9时36分 47秒, 4047.719,111.41.695, 000.0,10,1057m
  17年 05月 10日, 9时36分 48秒, 4047.719,111.41.695, 000.0,10,1057m
  17年 05月 10日, 9时36分 49秒, 4047.719,111.41.695, 000.0,10,1057m
  17年 05月 10日, 9时36分 50秒, 4047.719,111.41.695, 000.0,10,1057m
  17年 05月 10日, 9时36分 51秒, 4047.719,111.41.695, 000.0,10,1057m
  17年 05月 10日, 9时36分 52秒, 4047.719,111.41.695, 000.0,10,1057m
  17年 05月 10日, 9时36分 53秒, 4047.719,111.41.695, 000.0,10,1057m
  17年 05月 10日, 9时36分 54秒, 4047.719,111.41.695, 000.0,10,1057m
  17年 05月 10日, 9时36分 55秒, 4047.719,111.41.695, 000.0,10,1057m
  17年 05月 10日, 9时36分 56秒, 4047.719,111.41.695, 000.0,10,1057m
  17年 05月 10日, 9时36分 57秒, 4047.719,111.41.695, 000.0,10,1057m
  17年 05月 10日, 9时36分 58秒, 4047.719,111.41.695, 000.0,10,1057m
  17年 05月 10日, 9时36分 59秒, 4047.719,111.41.695, 000.0,10,1057m
  17年 05月 10日, 9时37分 00秒, 4047.719,111.41.695, 000.0,10,1057m
  17年 05月 10日, 9时37分 01秒, 4047.719,111.41.695, 000.0,10,1057m
  17年 05月 10日, 9时37分 02秒, 4047.719,111.41.695, 000.0,10,1057m
  17年 05月 10日, 9时37分 03秒, 4047.719,111.41.695, 000.0,10,1057m
  17年 05月 10日, 9时37分 04秒, 4047.719,111.41.695, 000.0,10,1057m
  17年 05月 10日, 9时37分 05秒, 4047.722,111.41.691, 003.5,09,1053m
  17年 05月 10日, 9时37分 06秒, 4047.724,111.41.690, 007.8,10,1053m
  17年 05月 10日, 9时37分 07秒, 4047.726,111.41.688, 011.0,10,1054m
  17年 05月 10日, 9时37分 08秒, 4047.730,111.41.687, 013.0,10,1054m
  17年 05月 10日, 9时37分 09秒, 4047.733,111.41.685, 014.8,10,1054m
  17年 05月 10日, 9时37分 10秒, 4047.737,111.41.682, 015.9,10,1054m
  17年 05月 10日, 9时37分 11秒, 4047.742,111.41.680, 016.0,10,1054m
  17年 05月 10日, 9时37分 12秒, 4047.746,111.41.678, 016.2,10,1054m
  17年 05月 10日, 9时37分 13秒, 4047.750,111.41.676, 017.8,10,1055m
  17年 05月 10日, 9时37分 14秒, 4047.755,111.41.673, 018.1,10,1055m
  17年 05月 10日, 9时37分 15秒, 4047.760,111.41.670, 019.6,09,1056m
  17年 05月 10日, 9时37分 16秒, 4047.765,111.41.668, 020.3,10,1056m
  17年 05月 10日, 9时37分 17秒, 4047.770,111.41.665, 020.1,09,1056m
  17年 05月 10日, 9时37分 18秒, 4047.776,111.41.663, 020.0,09,1056m
  17年 05月 10日, 9时37分 19秒, 4047.781,111.41.660, 020.8,09,1057m
  17年 05月 10日, 9时37分 20秒, 4047.787,111.41.658, 021.8,10,1057m
  17年 05月 10日, 9时37分 21秒, 4047.793,111.41.656, 022.9,10,1057m
  17年 05月 10日, 9时37分 22秒, 4047.800,111.41.653, 023.5,10,1058m
  17年 05月 10日, 9时37分 23秒, 4047.806,111.41.650, 023.8,10,1059m
  17年 05月 10日, 9时37分 24秒, 4047.813,111.41.648, 023.1,09,1059m
  17年 05月 10日, 9时37分 25秒, 4047.818,111.41.646, 020.1,10,1060m
  17年 05月 10日, 9时37分 26秒, 4047.823,111.41.645, 015.3,09,1060m
  17年 05月 10日, 9时37分 27秒, 4047.827,111.41.644, 012.5,10,1060m
  17年 05月 10日, 9时37分 28秒, 4047.830,111.41.642, 010.5,10,1060m
  17年 05月 10日, 9时37分 29秒, 4047.832,111.41.641, 008.3,10,1060m
  17年 05月 10日, 9时37分 30秒, 4047.834,111.41.640, 006.9,10,1060m
  17年 05月 10日, 9时37分 31秒, 4047.836,111.41.639, 006.6,09,1061m
  17年 05月 10日, 9时37分 32秒, 4047.838,111.41.638, 008.6,10,1061m
  17年 05月 10日, 9时37分 33秒, 4047.840,111.41.637, 011.8,09,1061m
  17年 05月 10日, 9时37分 34秒, 4047.844,111.41.635, 014.5,10,1061m
  17年 05月 10日, 9时37分 35秒, 4047.848,111.41.633, 015.4,09,1061m
  17年 05月 10日, 9时37分 36秒, 4047.853,111.41.630, 017.5,09,1061m
  17年 05月 10日, 9时37分 37秒, 4047.857,111.41.628, 018.4,09,1061m
  17年 05月 10日, 9时37分 38秒, 4047.862,111.41.626, 018.4,09,1061m
  17年 05月 10日, 9时37分 39秒, 4047.867,111.41.623, 019.0,09,1061m
  17年 05月 10日, 9时37分 40秒, 4047.873,111.41.621, 018.7,09,1062m
  17年 05月 10日, 9时37分 41秒, 4047.878,111.41.619, 018.7,09,1062m
  17年 05月 10日, 9时37分 42秒, 4047.883,111.41.617, 019.3,10,1062m
  17年 05月 10日, 9时37分 43秒, 4047.889,111.41.615, 019.8,10,1062m
  17年 05月 10日, 9时37分 44秒, 4047.894,111.41.612, 019.5,10,1062m
  17年 05月 10日, 9时37分 45秒, 4047.899,111.41.610, 019.0,09,1062m
  17年 05月 10日, 9时37分 46秒, 4047.904,111.41.607, 018.7,10,1062m
  17年 05月 10日, 9时37分 47秒, 4047.909,111.41.605, 019.0,10,1062m
  17年 05月 10日, 9时37分 48秒, 4047.914,111.41.603, 017.5,10,1062m
  17年 05月 10日, 9时37分 49秒, 4047.919,111.41.601, 016.6,10,1062m
  17年 05月 10日, 9时37分 50秒, 4047.923,111.41.599, 015.5,10,1063m
  17年 05月 10日, 9时37分 51秒, 4047.927,111.41.597, 014.4,10,1063m
  17年 05月 10日, 9时37分 52秒, 4047.930,111.41.594, 013.3,09,1064m
  17年 05月 10日, 9时37分 53秒, 4047.934,111.41.593, 012.3,09,1064m
  17年 05月 10日, 9时37分 54秒, 4047.937,111.41.591, 011.1,09,1064m
  17年 05月 10日, 9时37分 55秒, 4047.939,111.41.590, 009.8,09,1064m
  17年 05月 10日, 9时37分 56秒, 4047.942,111.41.589, 009.5,09,1063m
  17年 05月 10日, 9时37分 57秒, 4047.945,111.41.587, 010.2,09,1063m
  17年 05月 10日, 9时37分 58秒, 4047.947,111.41.587, 010.0,10,1063m
  17年 05月 10日, 9时37分 59秒, 4047.950,111.41.586, 008.6,10,1063m
  17年 05月 10日, 9时38分 00秒, 4047.952,111.41.586, 007.9,10,1062m
  17年 05月 10日, 9时38分 01秒, 4047.955,111.41.585, 008.6,10,1062m
  17年 05月 10日, 9时38分 02秒, 4047.957,111.41.584, 009.3,10,1062m
  17年 05月 10日, 9时38分 03秒, 4047.959,111.41.583, 008.0,10,1062m
  17年 05月 10日, 9时38分 04秒, 4047.961,111.41.582, 006.9,10,1062m
  17年 05月 10日, 9时38分 05秒, 4047.963,111.41.582, 004.5,10,1062m
  17年 05月 10日, 9时38分 06秒, 4047.964,111.41.581, 003.2,10,1062m
  17年 05月 10日, 9时38分 07秒, 4047.964,111.41.582, 002.2,10,1063m
  17年 05月 10日, 9时38分 08秒, 4047.965,111.41.581, 000.1,10,1063m
  17年 05月 10日, 9时38分 09秒, 4047.965,111.41.581, 000.0,10,1063m
  17年 05月 10日, 9时38分 10秒, 4047.966,111.41.580, 000.0,10,1064m
  17年 05月 10日, 9时38分 11秒, 4047.966,111.41.580, 000.0,10,1064m
  17年 05月 10日, 9时38分 12秒, 4047.966,111.41.580, 000.0,09,1064m
  17年 05月 10日, 9时38分 13秒, 4047.966,111.41.580, 000.0,09,1064m
  17年 05月 10日, 9时38分 14秒, 4047.966,111.41.580, 000.0,09,1064m
  17年 05月 10日, 9时38分 15秒, 4047.966,111.41.580, 000.0,09,1064m
  17年 05月 10日, 9时38分 16秒, 4047.966,111.41.580, 000.0,09,1064m
  17年 05月 10日, 9时38分 17秒, 4047.966,111.41.580, 000.0,09,1064m
  17年 05月 10日, 9时38分 18秒, 4047.966,111.41.580, 000.0,09,1064m
  17年 05月 10日, 9时38分 19秒, 4047.967,111.41.580, 001.6,09,1064m
  17年 05月 10日, 9时38分 20秒, 4047.967,111.41.579, 002.5,09,1064m
  17年 05月 10日, 9时38分 21秒, 4047.969,111.41.579, 002.9,10,1064m
  17年 05月 10日, 9时38分 22秒, 4047.970,111.41.579, 002.2,10,1064m
  17年 05月 10日, 9时38分 23秒, 4047.970,111.41.578, 000.8,10,1064m
  17年 05月 10日, 9时38分 24秒, 4047.970,111.41.578, 000.0,10,1064m
  17年 05月 10日, 9时38分 25秒, 4047.971,111.41.578, 000.0,10,1064m
  17年 05月 10日, 9时38分 26秒, 4047.971,111.41.578, 000.0,10,1064m
  17年 05月 10日, 9时38分 27秒, 4047.971,111.41.578, 000.0,10,1064m
  17年 05月 10日, 9时38分 28秒, 4047.971,111.41.578, 000.0,10,1064m
  17年 05月 10日, 9时38分 29秒, 4047.971,111.41.578, 000.0,10,1064m
  17年 05月 10日, 9时38分 30秒, 4047.971,111.41.578, 000.0,10,1064m
  17年 05月 10日, 9时38分 31秒, 4047.971,111.41.578, 000.0,10,1064m
  17年 05月 10日, 9时38分 32秒, 4047.971,111.41.578, 000.0,10,1064m
  17年 05月 10日, 9时38分 33秒, 4047.971,111.41.578, 000.0,10,1064m
  17年 05月 10日, 9时38分 34秒, 4047.971,111.41.578, 000.0,10,1064m
  17年 05月 10日, 9时38分 35秒, 4047.971,111.41.578, 000.0,10,1064m
  17年 05月 10日, 9时38分 36秒, 4047.971,111.41.578, 000.0,10,1064m
  17年 05月 10日, 9时38分 37秒, 4047.972,111.41.578, 001.2,10,1064m
  17年 05月 10日, 9时38分 38秒, 4047.972,111.41.578, 001.6,10,1064m
  17年 05月 10日, 9时38分 39秒, 4047.973,111.41.578, 001.4,10,1064m
  17年 05月 10日, 9时38分 40秒, 4047.973,111.41.577, 001.5,10,1064m
  17年 05月 10日, 9时38分 41秒, 4047.974,111.41.577, 001.7,10,1064m
  17年 05月 10日, 9时38分 42秒, 4047.974,111.41.577, 001.5,09,1064m
  17年 05月 10日, 9时38分 43秒, 4047.975,111.41.577, 001.0,09,1064m
  17年 05月 10日, 9时38分 44秒, 4047.975,111.41.577, 000.7,09,1064m
  17年 05月 10日, 9时38分 45秒, 4047.975,111.41.577, 000.4,10,1064m
  17年 05月 10日, 9时38分 46秒, 4047.975,111.41.577, 000.4,09,1063m
  17年 05月 10日, 9时38分 47秒, 4047.975,111.41.577, 000.5,09,1063m
  17年 05月 10日, 9时38分 48秒, 4047.976,111.41.577, 000.7,09,1063m
  17年 05月 10日, 9时38分 49秒, 4047.976,111.41.577, 001.0,09,1063m
  17年 05月 10日, 9时38分 50秒, 4047.976,111.41.577, 000.6,10,1063m
  17年 05月 10日, 9时38分 51秒, 4047.976,111.41.577, 000.0,08,1063m
  17年 05月 10日, 9时38分 52秒, 4047.976,111.41.577, 000.0,09,1063m
  17年 05月 10日, 9时38分 53秒, 4047.976,111.41.577, 000.0,09,1063m
  17年 05月 10日, 9时38分 54秒, 4047.976,111.41.577, 000.0,09,1063m
  17年 05月 10日, 9时38分 55秒, 4047.976,111.41.577, 000.0,09,1063m
  17年 05月 10日, 9时38分 56秒, 4047.976,111.41.577, 000.0,09,1063m
  17年 05月 10日, 9时38分 57秒, 4047.976,111.41.577, 000.0,09,1063m
  17年 05月 10日, 9时38分 58秒, 4047.976,111.41.577, 000.0,09,1063m
  17年 05月 10日, 9时38分 59秒, 4047.976,111.41.577, 000.0,10,1063m
  17年 05月 10日, 9时39分 00秒, 4047.976,111.41.577, 000.0,10,1063m
  17年 05月 10日, 9时39分 01秒, 4047.976,111.41.577, 000.0,10,1063m
  17年 05月 10日, 9时39分 02秒, 4047.976,111.41.577, 000.0,10,1063m
  17年 05月 10日, 9时39分 03秒, 4047.976,111.41.577, 000.0,10,1063m
  17年 05月 10日, 9时39分 04秒, 4047.976,111.41.577, 000.0,10,1063m
  17年 05月 10日, 9时39分 05秒, 4047.976,111.41.577, 000.0,10,1063m
  17年 05月 10日, 9时39分 06秒, 4047.976,111.41.577, 000.0,09,1063m
  17年 05月 10日, 9时39分 07秒, 4047.976,111.41.577, 000.0,09,1063m
  17年 05月 10日, 9时39分 08秒, 4047.976,111.41.577, 000.0,10,1063m
  17年 05月 10日, 9时39分 09秒, 4047.976,111.41.577, 000.0,10,1063m
  17年 05月 10日, 9时39分 10秒, 4047.976,111.41.577, 000.0,10,1063m
  17年 05月 10日, 9时39分 11秒, 4047.976,111.41.577, 000.0,10,1063m
  17年 05月 10日, 9时39分 12秒, 4047.976,111.41.577, 000.0,10,1063m
  17年 05月 10日, 9时39分 13秒, 4047.977,111.41.576, 002.5,10,1063m
  17年 05月 10日, 9时39分 14秒, 4047.978,111.41.575, 006.0,10,1063m
  17年 05月 10日, 9时39分 15秒, 4047.981,111.41.574, 008.0,09,1063m
  17年 05月 10日, 9时39分 16秒, 4047.983,111.41.573, 009.2,10,1063m
  17年 05月 10日, 9时39分 17秒, 4047.986,111.41.572, 011.8,10,1063m
  17年 05月 10日, 9时39分 18秒, 4047.990,111.41.570, 012.3,10,1063m
  17年 05月 10日, 9时39分 19秒, 4047.993,111.41.569, 011.1,10,1063m
  17年 05月 10日, 9时39分 20秒, 4047.996,111.41.567, 010.6,10,1063m
  17年 05月 10日, 9时39分 21秒, 4047.998,111.41.566, 008.9,10,1063m
  17年 05月 10日, 9时39分 22秒, 4048.000,111.41.565, 006.9,10,1064m
  17年 05月 10日, 9时39分 23秒, 4048.002,111.41.564, 007.8,10,1064m
  17年 05月 10日, 9时39分 24秒, 4048.005,111.41.562, 009.1,10,1065m
  17年 05月 10日, 9时39分 25秒, 4048.007,111.41.560, 009.9,10,1066m
  17年 05月 10日, 9时39分 26秒, 4048.010,111.41.559, 010.3,10,1066m
  17年 05月 10日, 9时39分 27秒, 4048.013,111.41.557, 012.2,10,1067m
  17年 05月 10日, 9时39分 28秒, 4048.016,111.41.555, 013.7,10,1067m
  17年 05月 10日, 9时39分 29秒, 4048.020,111.41.554, 014.5,10,1068m
  17年 05月 10日, 9时39分 30秒, 4048.024,111.41.552, 014.6,10,1069m
  17年 05月 10日, 9时39分 31秒, 4048.028,111.41.550, 014.1,10,1069m
  17年 05月 10日, 9时39分 31秒, 4048.028,111.41.550, 014.1,10,1069m
  17年 05月 10日, 9时39分 32秒, 4048.031,111.41.549, 012.4,10,1069m
  17年 05月 10日, 9时39分 33秒, 4048.034,111.41.547, 009.5,10,1069m
  17年 05月 10日, 9时39分 34秒, 4048.037,111.41.546, 007.8,10,1069m
  17年 05月 10日, 9时39分 35秒, 4048.039,111.41.545, 008.7,09,1068m
  17年 05月 10日, 9时39分 36秒, 4048.042,111.41.544, 010.5,10,1069m
  17年 05月 10日, 9时39分 37秒, 4048.045,111.41.543, 010.9,09,1069m
  17年 05月 10日, 9时39分 38秒, 4048.047,111.41.541, 011.2,09,1068m
  17年 05月 10日, 9时39分 39秒, 4048.051,111.41.540, 012.1,09,1068m
  17年 05月 10日, 9时39分 40秒, 4048.054,111.41.538, 014.5,09,1067m
  17年 05月 10日, 9时39分 41秒, 4048.058,111.41.535, 016.8,08,1067m
  17年 05月 10日, 9时39分 42秒, 4048.063,111.41.533, 017.4,09,1067m
  17年 05月 10日, 9时39分 44秒, 4048.072,111.41.529, 015.4,09,1067m
  17年 05月 10日, 9时39分 45秒, 4048.076,111.41.527, 016.1,09,1067m
  17年 05月 10日, 9时39分 46秒, 4048.081,111.41.526, 017.1,09,1068m
  17年 05月 10日, 9时39分 46秒, 4048.081,111.41.526, 017.1,09,1068m
  17年 05月 10日, 9时39分 48秒, 4048.092,111.41.523, 019.9,08,1068m
  17年 05月 10日, 9时39分 48秒, 4048.092,111.41.523, 019.9,08,1069m
  17年 05月 10日, 9时39分 50秒, 4048.103,111.41.519, 020.2,08,1069m
  17年 05月 10日, 9时39分 50秒, 4048.103,111.41.519, 020.2,09,1070m
  17年 05月 10日, 9时39分 51秒, 4048.108,111.41.516, 020.4,09,1070m
  17年 05月 10日, 9时39分 52秒, 4048.113,111.41.513, 021.3,09,1070m
  17年 05月 10日, 9时39分 53秒, 4048.119,111.41.510, 021.4,09,1070m
  17年 05月 10日, 9时39分 55秒, 4048.131,111.41.505, 021.7,09,1070m
  17年 05月 10日, 9时39分 55秒, 4048.131,111.41.505, 021.7,09,1069m
  17年 05月 10日, 9时39分 56秒, 4048.137,111.41.502, 022.6,09,1069m
  17年 05月 10日, 9时39分 57秒, 4048.142,111.41.499, 021.6,10,1070m
  17年 05月 10日, 9时39分 58秒, 4048.148,111.41.496, 020.0,10,1070m
  17年 05月 10日, 9时39分 59秒, 4048.153,111.41.494, 019.0,10,1070m
  17年 05月 10日, 9时40分 00秒, 4048.158,111.41.492, 018.7,10,1070m
  17年 05月 10日, 9时40分 02秒, 4048.168,111.41.488, 018.6,10,1070m
  17年 05月 10日, 9时40分 02秒, 4048.168,111.41.488, 018.6,10,1069m
  17年 05月 10日, 9时40分 04秒, 4048.178,111.41.483, 018.9,10,1069m
  17年 05月 10日, 9时40分 04秒, 4048.178,111.41.483, 018.9,10,1070m
  17年 05月 10日, 9时40分 05秒, 4048.183,111.41.481, 018.9,10,1069m
  17年 05月 10日, 9时40分 06秒, 4048.189,111.41.478, 018.3,10,1069m
  17年 05月 10日, 9时40分 07秒, 4048.193,111.41.476, 018.3,10,1069m
  17年 05月 10日, 9时40分 08秒, 4048.198,111.41.473, 017.9,10,1069m
  17年 05月 10日, 9时40分 09秒, 4048.203,111.41.471, 017.9,10,1070m
  17年 05月 10日, 9时40分 10秒, 4048.207,111.41.469, 017.7,10,1070m
  17年 05月 10日, 9时40分 11秒, 4048.212,111.41.466, 017.4,10,1070m
  17年 05月 10日, 9时40分 12秒, 4048.216,111.41.464, 016.8,10,1070m
  17年 05月 10日, 9时40分 13秒, 4048.221,111.41.462, 016.8,10,1070m
  17年 05月 10日, 9时40分 14秒, 4048.225,111.41.460, 017.2,10,1070m
  17年 05月 10日, 9时40分 16秒, 4048.235,111.41.455, 019.9,10,1071m
  17年 05月 10日, 9时40分 16秒, 4048.235,111.41.455, 019.9,10,1070m
  17年 05月 10日, 9时40分 17秒, 4048.240,111.41.452, 020.1,10,1071m
  17年 05月 10日, 9时40分 19秒, 4048.250,111.41.447, 018.3,10,1071m
  17年 05月 10日, 9时40分 19秒, 4048.250,111.41.447, 018.3,10,1071m
  17年 05月 10日, 9时40分 20秒, 4048.255,111.41.445, 016.4,10,1071m
  17年 05月 10日, 9时40分 22秒, 4048.262,111.41.441, 013.2,10,1071m
  17年 05月 10日, 9时40分 22秒, 4048.262,111.41.441, 013.2,10,1071m
  17年 05月 10日, 9时40分 23秒, 4048.265,111.41.439, 011.1,10,1071m
  17年 05月 10日, 9时40分 24秒, 4048.268,111.41.438, 009.0,10,1071m
  17年 05月 10日, 9时40分 25秒, 4048.270,111.41.438, 005.6,10,1071m
  17年 05月 10日, 9时40分 26秒, 4048.272,111.41.438, 002.9,10,1070m
  17年 05月 10日, 9时40分 28秒, 4048.273,111.41.438, 000.1,10,1070m
  17年 05月 10日, 9时40分 29秒, 4048.273,111.41.438, 000.1,10,1070m
  17年 05月 10日, 9时40分 29秒, 4048.273,111.41.438, 000.1,10,1070m
  17年 05月 10日, 9时40分 30秒, 4048.273,111.41.438, 000.0,10,1070m
  17年 05月 10日, 9时40分 31秒, 4048.273,111.41.437, 000.0,10,1070m
  17年 05月 10日, 9时40分 32秒, 4048.273,111.41.437, 000.0,10,1070m
  17年 05月 10日, 9时40分 34秒, 4048.273,111.41.437, 000.0,10,1070m
  17年 05月 10日, 9时40分 34秒, 4048.273,111.41.437, 000.0,10,1070m
  17年 05月 10日, 9时40分 35秒, 4048.273,111.41.437, 000.0,10,1070m
  17年 05月 10日, 9时40分 36秒, 4048.273,111.41.437, 000.0,10,1070m
  17年 05月 10日, 9时40分 37秒, 4048.273,111.41.436, 000.0,10,1070m
  17年 05月 10日, 9时40分 38秒, 4048.273,111.41.436, 000.0,10,1070m
  17年 05月 10日, 9时40分 39秒, 4048.273,111.41.436, 000.0,10,1070m
  17年 05月 10日, 9时40分 40秒, 4048.273,111.41.436, 000.0,10,1070m
  17年 05月 10日, 9时40分 41秒, 4048.273,111.41.436, 002.6,10,1070m
  17年 05月 10日, 9时40分 42秒, 4048.273,111.41.435, 003.8,10,1070m
  17年 05月 10日, 9时40分 43秒, 4048.272,111.41.434, 004.6,10,1069m
  17年 05月 10日, 9时40分 44秒, 4048.270,111.41.433, 005.5,10,1069m
  17年 05月 10日, 9时40分 45秒, 4048.268,111.41.434, 008.5,10,1068m
  17年 05月 10日, 9时40分 46秒, 4048.266,111.41.436, 009.6,10,1068m
  17年 05月 10日, 9时40分 47秒, 4048.263,111.41.437, 010.5,10,1067m
  17年 05月 10日, 9时40分 48秒, 4048.260,111.41.439, 011.4,10,1066m
  17年 05月 10日, 9时40分 49秒, 4048.257,111.41.440, 012.1,10,1065m
  17年 05月 10日, 9时40分 50秒, 4048.254,111.41.442, 013.0,09,1065m
  17年 05月 10日, 9时40分 51秒, 4048.250,111.41.444, 013.4,09,1064m
  17年 05月 10日, 9时40分 52秒, 4048.247,111.41.445, 013.7,09,1064m
  17年 05月 10日, 9时40分 53秒, 4048.243,111.41.447, 014.0,10,1063m
  17年 05月 10日, 9时40分 54秒, 4048.240,111.41.448, 014.2,09,1062m
  17年 05月 10日, 9时40分 55秒, 4048.236,111.41.450, 014.2,09,1062m
  17年 05月 10日, 9时40分 56秒, 4048.232,111.41.451, 013.4,09,1061m
  17年 05月 10日, 9时40分 57秒, 4048.229,111.41.452, 012.4,10,1060m
  17年 05月 10日, 9时40分 58秒, 4048.226,111.41.453, 011.3,10,1060m
  17年 05月 10日, 9时40分 59秒, 4048.223,111.41.454, 008.8,10,1059m
  17年 05月 10日, 9时41分 00秒, 4048.220,111.41.454, 006.4,10,1058m
  17年 05月 10日, 9时41分 01秒, 4048.219,111.41.454, 004.5,10,1058m
  17年 05月 10日, 9时41分 02秒, 4048.218,111.41.454, 003.6,10,1058m
  17年 05月 10日, 9时41分 03秒, 4048.217,111.41.454, 003.1,10,1057m
  17年 05月 10日, 9时41分 04秒, 4048.216,111.41.453, 003.4,10,1057m
  17年 05月 10日, 9时41分 05秒, 4048.215,111.41.452, 003.0,10,1056m
  17年 05月 10日, 9时41分 06秒, 4048.214,111.41.451, 003.5,10,1056m
  17年 05月 10日, 9时41分 07秒, 4048.214,111.41.450, 004.1,10,1055m
  17年 05月 10日, 9时41分 08秒, 4048.213,111.41.449, 004.4,10,1055m
  17年 05月 10日, 9时41分 09秒, 4048.213,111.41.447, 004.6,10,1055m
  17年 05月 10日, 9时41分 10秒, 4048.212,111.41.445, 004.3,10,1054m
  17年 05月 10日, 9时41分 11秒, 4048.212,111.41.444, 004.2,10,1054m
  17年 05月 10日, 9时41分 12秒, 4048.211,111.41.442, 003.0,10,1054m
  17年 05月 10日, 9时41分 13秒, 4048.211,111.41.442, 000.1,10,1053m
  17年 05月 10日, 9时41分 15秒, 4048.211,111.41.441, 000.0,10,1054m
  17年 05月 10日, 9时41分 15秒, 4048.211,111.41.441, 000.0,10,1054m
  17年 05月 10日, 9时41分 16秒, 4048.211,111.41.441, 000.0,10,1054m
  17年 05月 10日, 9时41分 17秒, 4048.211,111.41.441, 000.0,10,1054m
  17年 05月 10日, 9时41分 18秒, 4048.211,111.41.441, 000.0,10,1054m
  17年 05月 10日, 9时41分 19秒, 4048.211,111.41.441, 000.1,10,1054m
  17年 05月 10日, 9时41分 20秒, 4048.210,111.41.440, 000.3,10,1054m
  17年 05月 10日, 9时41分 21秒, 4048.211,111.41.438, 008.0,10,1054m
  17年 05月 10日, 9时41分 23秒, 4048.212,111.41.430, 010.6,10,1053m
  17年 05月 10日, 9时41分 24秒, 4048.212,111.41.425, 010.3,09,1053m
  17年 05月 10日, 9时41分 24秒, 4048.212,111.41.425, 010.3,10,1053m
  17年 05月 10日, 9时41分 25秒, 4048.212,111.41.421, 010.3,10,1053m
  17年 05月 10日, 9时41分 26秒, 4048.211,111.41.417, 009.7,10,1053m
  17年 05月 10日, 9时41分 27秒, 4048.210,111.41.414, 008.9,10,1052m
  17年 05月 10日, 9时41分 28秒, 4048.208,111.41.412, 007.5,10,1052m
  17年 05月 10日, 9时41分 29秒, 4048.207,111.41.410, 006.7,10,1052m
  17年 05月 10日, 9时41分 30秒, 4048.205,111.41.409, 006.3,10,1053m
  17年 05月 10日, 9时41分 31秒, 4048.203,111.41.408, 005.6,10,1053m
  17年 05月 10日, 9时41分 32秒, 4048.201,111.41.409, 006.2,10,1052m
  17年 05月 10日, 9时41分 33秒, 4048.199,111.41.409, 007.8,10,1052m
  17年 05月 10日, 9时41分 34秒, 4048.197,111.41.410, 009.1,10,1052m
  17年 05月 10日, 9时41分 35秒, 4048.195,111.41.411, 010.5,10,1051m
  17年 05月 10日, 9时41分 36秒, 4048.192,111.41.412, 010.8,10,1051m
  17年 05月 10日, 9时41分 37秒, 4048.189,111.41.413, 010.6,10,1051m
  17年 05月 10日, 9时41分 38秒, 4048.186,111.41.414, 010.5,10,1051m
  17年 05月 10日, 9时41分 40秒, 4048.180,111.41.417, 011.8,10,1051m
  17年 05月 10日, 9时41分 40秒, 4048.180,111.41.417, 011.8,10,1050m
  17年 05月 10日, 9时41分 41秒, 4048.177,111.41.418, 012.0,10,1050m
  17年 05月 10日, 9时41分 42秒, 4048.173,111.41.420, 012.6,10,1049m
  17年 05月 10日, 9时41分 44秒, 4048.166,111.41.423, 013.1,10,1049m
  17年 05月 10日, 9时41分 44秒, 4048.166,111.41.423, 013.1,10,1049m
  17年 05月 10日, 9时41分 45秒, 4048.163,111.41.425, 013.1,10,1048m
  17年 05月 10日, 9时41分 47秒, 4048.156,111.41.427, 012.3,10,1048m
  17年 05月 10日, 9时41分 48秒, 4048.152,111.41.429, 013.2,10,1047m
  17年 05月 10日, 9时41分 48秒, 4048.152,111.41.429, 013.2,10,1047m
  17年 05月 10日, 9时41分 49秒, 4048.149,111.41.430, 013.4,10,1046m
  17年 05月 10日, 9时41分 50秒, 4048.145,111.41.432, 013.4,10,1046m
  17年 05月 10日, 9时41分 51秒, 4048.142,111.41.433, 014.2,10,1046m
  17年 05月 10日, 9时41分 52秒, 4048.138,111.41.435, 014.5,10,1046m
  17年 05月 10日, 9时41分 53秒, 4048.134,111.41.437, 013.5,10,1045m
  17年 05月 10日, 9时41分 54秒, 4048.130,111.41.438, 013.0,10,1045m
  17年 05月 10日, 9时41分 55秒, 4048.126,111.41.440, 012.1,10,1045m
  17年 05月 10日, 9时41分 56秒, 4048.123,111.41.442, 012.4,10,1045m
  17年 05月 10日, 9时41分 57秒, 4048.120,111.41.443, 012.2,10,1044m
  17年 05月 10日, 9时41分 58秒, 4048.117,111.41.444, 011.4,10,1044m
  17年 05月 10日, 9时41分 59秒, 4048.114,111.41.446, 011.4,10,1044m
  17年 05月 10日, 9时42分 00秒, 4048.111,111.41.447, 011.4,10,1043m
  17年 05月 10日, 9时42分 01秒, 4048.108,111.41.448, 011.4,10,1043m
  17年 05月 10日, 9时42分 02秒, 4048.105,111.41.450, 011.8,10,1043m
  17年 05月 10日, 9时42分 03秒, 4048.102,111.41.451, 011.8,09,1042m
  17年 05月 10日, 9时42分 04秒, 4048.098,111.41.452, 011.3,10,1042m
  17年 05月 10日, 9时42分 05秒, 4048.096,111.41.453, 010.2,10,1042m
  17年 05月 10日, 9时42分 06秒, 4048.093,111.41.453, 009.4,10,1042m
  17年 05月 10日, 9时42分 07秒, 4048.091,111.41.452, 009.0,10,1041m
  17年 05月 10日, 9时42分 08秒, 4048.088,111.41.451, 008.6,10,1041m
  17年 05月 10日, 9时42分 09秒, 4048.087,111.41.449, 007.8,10,1041m
  17年 05月 10日, 9时42分 10秒, 4048.086,111.41.446, 008.9,10,1041m
  17年 05月 10日, 9时42分 11秒, 4048.085,111.41.443, 009.5,10,1042m
  17年 05月 10日, 9时42分 13秒, 4048.083,111.41.436, 008.2,10,1042m
  17年 05月 10日, 9时42分 14秒, 4048.082,111.41.433, 008.1,10,1042m
  17年 05月 10日, 9时42分 14秒, 4048.082,111.41.433, 008.1,10,1041m
  17年 05月 10日, 9时42分 15秒, 4048.081,111.41.431, 007.7,10,1041m
  17年 05月 10日, 9时42分 16秒, 4048.081,111.41.428, 007.6,10,1041m
  17年 05月 10日, 9时42分 18秒, 4048.079,111.41.423, 007.2,10,1041m
  17年 05月 10日, 9时42分 18秒, 4048.079,111.41.423, 007.2,10,1041m
  17年 05月 10日, 9时42分 20秒, 4048.078,111.41.419, 005.9,10,1041m
  17年 05月 10日, 9时42分 20秒, 4048.078,111.41.419, 005.9,10,1042m
  17年 05月 10日, 9时42分 21秒, 4048.077,111.41.417, 003.9,10,1042m
  17年 05月 10日, 9时42分 23秒, 4048.076,111.41.414, 004.0,10,1042m
  17年 05月 10日, 9时42分 23秒, 4048.076,111.41.414, 004.0,10,1042m
  17年 05月 10日, 9时42分 24秒, 4048.076,111.41.413, 003.7,10,1042m
  17年 05月 10日, 9时42分 26秒, 4048.075,111.41.411, 003.1,10,1042m
  17年 05月 10日, 9时42分 26秒, 4048.075,111.41.411, 003.1,10,1043m
  17年 05月 10日, 9时42分 28秒, 4048.075,111.41.408, 003.9,10,1043m
  17年 05月 10日, 9时42分 28秒, 4048.075,111.41.408, 003.9,10,1044m
  17年 05月 10日, 9时42分 30秒, 4048.074,111.41.404, 003.9,10,1044m
  17年 05月 10日, 9时42分 31秒, 4048.074,111.41.402, 003.3,10,1044m
  17年 05月 10日, 9时42分 32秒, 4048.075,111.41.401, 003.3,10,1045m
  17年 05月 10日, 9时42分 32秒, 4048.075,111.41.401, 003.3,10,1045m
  17年 05月 10日, 9时42分 33秒, 4048.076,111.41.400, 004.3,10,1046m
  17年 05月 10日, 9时42分 35秒, 4048.078,111.41.400, 002.7,10,1046m
  17年 05月 10日, 9时42分 35秒, 4048.078,111.41.400, 002.7,10,1047m
  17年 05月 10日, 9时42分 37秒, 4048.079,111.41.401, 002.7,10,1047m
  17年 05月 10日, 9时42分 37秒, 4048.079,111.41.401, 002.7,10,1047m
  17年 05月 10日, 9时42分 39秒, 4048.080,111.41.402, 002.5,10,1048m
  17年 05月 10日, 9时42分 39秒, 4048.080,111.41.402, 002.5,10,1048m
  17年 05月 10日, 9时42分 40秒, 4048.080,111.41.403, 001.7,10,1048m
  17年 05月 10日, 9时42分 41秒, 4048.080,111.41.403, 001.7,10,1049m
  17年 05月 10日, 9时42分 42秒, 4048.080,111.41.404, 001.6,10,1049m
  17年 05月 10日, 9时42分 44秒, 4048.080,111.41.405, 001.4,10,1049m
  17年 05月 10日, 9时42分 44秒, 4048.080,111.41.405, 001.4,10,1049m
  17年 05月 10日, 9时42分 45秒, 4048.081,111.41.405, 001.5,10,1049m
  17年 05月 10日, 9时42分 47秒, 4048.081,111.41.407, 001.2,10,1049m
  17年 05月 10日, 9时42分 47秒, 4048.081,111.41.407, 001.2,10,1049m
  17年 05月 10日, 9时42分 49秒, 4048.081,111.41.407, 000.4,10,1050m
  17年 05月 10日, 9时42分 50秒, 4048.081,111.41.407, 000.0,10,1050m
  17年 05月 10日, 9时42分 50秒, 4048.081,111.41.407, 000.0,10,1050m
  17年 05月 10日, 9时42分 52秒, 4048.081,111.41.408, 000.0,10,1050m
  17年 05月 10日, 9时42分 53秒, 4048.081,111.41.408, 000.0,10,1050m
  17年 05月 10日, 9时42分 53秒, 4048.081,111.41.408, 000.0,10,1050m
  17年 05月 10日, 9时42分 55秒, 4048.081,111.41.408, 000.0,10,1050m
  17年 05月 10日, 9时42分 56秒, 4048.081,111.41.408, 000.0,10,1050m
  17年 05月 10日, 9时42分 56秒, 4048.081,111.41.408, 000.0,10,1050m
  17年 05月 10日, 9时42分 58秒, 4048.081,111.41.408, 000.0,10,1050m
  17年 05月 10日, 9时42分 58秒, 4048.081,111.41.408, 000.0,10,1050m
  17年 05月 10日, 9时43分 00秒, 4048.081,111.41.408, 000.0,09,1050m
  17年 05月 10日, 9时43分 00秒, 4048.081,111.41.408, 000.0,09,1050m
  17年 05月 10日, 9时43分 02秒, 4048.081,111.41.408, 000.0,09,1050m
  17年 05月 10日, 9时43分 03秒, 4048.081,111.41.408, 000.0,09,1050m
  17年 05月 10日, 9时43分 03秒, 4048.081,111.41.408, 000.0,09,1050m
  17年 05月 10日, 9时43分 05秒, 4048.081,111.41.408, 000.0,09,1050m
  17年 05月 10日, 9时43分 05秒, 4048.081,111.41.408, 000.0,09,1050m
  17年 05月 10日, 9时43分 06秒, 4048.081,111.41.408, 000.0,09,1050m
  17年 05月 10日, 9时43分 07秒, 4048.081,111.41.408, 000.0,09,1050m
  17年 05月 10日, 9时43分 09秒, 4048.081,111.41.408, 000.0,09,1050m
  17年 05月 10日, 9时43分 10秒, 4048.081,111.41.408, 000.0,09,1050m
  17年 05月 10日, 9时43分 10秒, 4048.081,111.41.408, 000.0,09,1050m
  17年 05月 10日, 9时43分 10秒, 4048.081,111.41.408, 000.0,09,1050m
  